"Peak#","Ret_Time","Area","Conc_ug/mL extract","Dilution","CorrConc_ug /mL biodiesel","%FAME","Lab_Tag","Treatment_ID","Type"
"C4:0",2.316,7292725,50.9924902330642,100,5099.24902330642,0.00459754643716926,"Fat1_B1","Low fat","SAE"
"C6:0",3.672,16156705,113.613773322312,100,11361.3773322312,0.0102435593234209,"Fat1_B1","Low fat","SAE"
"C8:0",5.104,11409192,80.0740591597256,100,8007.40591597256,0.00721957691646069,"Fat1_B1","Low fat","SAE"
"C10:0",6.449,27633010,194.690326318095,100,19469.0326318095,0.0175535223328765,"Fat1_B1","Low fat","SAE"
"Unknown 1",6.797,3301766,22.7975965919929,100,2279.75965919929,0.00205545970609564,"Fat1_B1","Low fat","SAE"
"C12:0",8.077,37098289,261.559601268819,100,26155.9601268819,0.0235825394567832,"Fat1_B1","Low fat","SAE"
"C14:0",10.341,122635803,865.855739002042,100,86585.5739002042,0.0780666319639786,"Fat1_B1","Low fat","SAE"
"C14:1 (Z9)",10.754,11199914,78.5955746773202,100,7859.55746773202,0.00708627491388296,"Fat1_B1","Low fat","SAE"
"C15:0",11.638,14540468,97.5552155374666,100,9755.52155374666,0.00879569975052398,"Fat1_B1","Low fat","SAE"
"C16:0",13.215,417396833,2837.12424260971,100,283712.424260971,0.255798655719681,"Fat1_B1","Low fat","SAE"
"C16:1 (Z9)",13.47,22704896,145.774468692443,100,14577.4468692443,0.0131432076783066,"Fat1_B1","Low fat","SAE"
"Unknown 2",13.58,18207937,115.211394822512,100,11521.1394822512,0.0103876028679236,"Fat1_B1","Low fat","SAE"
"C17:0",14.592,7182785,46.8021760240988,100,4680.21760240988,0.00421974248850945,"Fat1_B1","Low fat","SAE"
"C18:0",16.26,139134812,918.48035038348,100,91848.035038348,0.0828113324769037,"Fat1_B1","Low fat","SAE"
"C18:1 (Z9)",16.515,278726761,1885.79815410128,100,188579.815410128,0.170025910579808,"Fat1_B1","Low fat","SAE"
"Unknown 3",16.728,40473413,266.536187362798,100,26653.6187362798,0.0240312346579995,"Fat1_B1","Low fat","SAE"
"C18:2 (Z9,12)",17.107,36394780,240.244325233196,100,24024.4325233196,0.0216607276184723,"Fat1_B1","Low fat","SAE"
"C18:3 (Z6,9,12)",18.027,5960192,39.5976674034411,100,3959.76674034411,0.00357017501712162,"Fat1_B1","Low fat","SAE"
"C20:1 (Z11)",19.854,69383960,463.023454331677,100,46302.3454331677,0.0417467713982732,"Fat1_B1","Low fat","SAE"
"C22:0",22.913,215133086,1372.25776623443,100,137225.776623443,0.123724469528615,"Fat1_B1","Low fat","SAE"
"C22:2 ???",25.742,42159994,278.711397573962,100,27871.1397573962,0.0251289667764405,"Fat1_B1","Low fat","SAE"
"C24:0",26.094,94543749,622.649001282272,100,62264.9001282272,0.056138809545648,"Fat1_B1","Low fat","SAE"
"Unknown 4",26.775,14455647,93.2948828109509,100,9329.48828109509,0.00841158284510469,"Fat1_B1","Low fat","SAE"
"C4:0",2.317,3835821,26.5705303463818,100,2657.05303463818,0.00480671269621148,"Fat1_B2","High fat","SAE"
"C6:0",3.672,8315687,58.2194010554649,100,5821.94010554649,0.0105321169946929,"Fat1_B2","High fat","SAE"
"C8:0",5.105,7599149,53.1572812241697,100,5315.72812241697,0.00961635974989465,"Fat1_B2","High fat","SAE"
"C10:0",6.448,15586152,109.582992461974,100,10958.2992461974,0.0198239912523065,"Fat1_B2","High fat","SAE"
"Unknown 1",6.799,1818282,12.3172399663721,100,1231.72399663721,0.00222823680810369,"Fat1_B2","High fat","SAE"
"C12:0",8.079,36441405,256.918918537044,100,25691.8918537044,0.0464776356184812,"Fat1_B2","High fat","SAE"
"C14:0",10.326,66004642,465.77406410501,100,46577.406410501,0.0842603470203009,"Fat1_B2","High fat","SAE"
"C14:1 (Z9)",10.753,5430661,0,100,0,0,"Fat1_B2","High fat","SAE"
"C15:0",11.635,6995307,46.2453910548041,100,4624.53910548041,0.00836597182768169,"Fat1_B2","High fat","SAE"
"C16:0",13.168,212420597,1443.21168166146,100,144321.168166146,0.261082628879763,"Fat1_B2","High fat","SAE"
"C16:1 (Z9)",13.45,11104390,66.9329400490699,100,6693.29400490699,0.0121084302245565,"Fat1_B2","High fat","SAE"
"Unknown 2",13.579,6476483,35.4798928889402,100,3547.98928889402,0.00641845117076165,"Fat1_B2","High fat","SAE"
"C17:0",14.59,3420215,21.9465506648963,100,2194.65506648963,0.0039702167154285,"Fat1_B2","High fat","SAE"
"C18:0",16.209,67153762,442.971851734411,100,44297.1851734411,0.0801353377609961,"Fat1_B2","High fat","SAE"
"C18:1 (Z9)",16.479,156584285,1055.67061310207,100,105567.061310207,0.190974936249478,"Fat1_B2","High fat","SAE"
"Unknown 3",16.724,22462420,144.126507948375,100,14412.6507948375,0.0260730480944432,"Fat1_B2","High fat","SAE"
"C18:2 (Z9,12)",17.106,46781960,309.550409010235,100,30955.0409010235,0.0559988777683381,"Fat1_B2","High fat","SAE"
"C18:3 (Z6,9,12)",18.028,7027799,46.7701801178391,100,4677.01801178391,0.00846090821845895,"Fat1_B2","High fat","SAE"
"C20:1 (Z11)",19.848,24458509,157.692701359957,100,15769.2701359957,0.0285272254578843,"Fat1_B2","High fat","SAE"
"C22:0",22.877,68110493,434.039258729835,100,43403.9258729835,0.078519396805153,"Fat1_B2","High fat","SAE"
"C22:2 ???",25.727,15877544,103.347758784045,100,10334.7758784045,0.0186960131317032,"Fat1_B2","High fat","SAE"
"C24:0",26.082,29598475,193.383637156794,100,19338.3637156794,0.0349838551147961,"Fat1_B2","High fat","SAE"
"Unknown 4",26.776,6980508,43.8868494454506,100,4388.68494454506,0.00793930244056626,"Fat1_B2","High fat","SAE"
"C4:0",2.317,2789045,19.1753809634826,100,1917.53809634826,0.00443252570875599,"Fat2_B1","Low fat","SAE"
"C6:0",3.672,7042293,49.2232654416492,100,4922.32654416492,0.0113783079436355,"Fat2_B1","Low fat","SAE"
"C8:0",5.104,5004029,34.8235593328105,100,3482.35593328105,0.00804971344804188,"Fat2_B1","Low fat","SAE"
"C10:0",6.446,12085077,84.848978092392,100,8484.8978092392,0.0196134448370248,"Fat2_B1","Low fat","SAE"
"Unknown 1",NA,NA,0,100,0,0,"Fat2_B1","Low fat","SAE"
"C12:0",8.071,15636444,109.938289920805,100,10993.8289920805,0.0254130177324067,"Fat2_B1","Low fat","SAE"
"C14:0",10.319,51106322,360.522031240065,100,36052.2031240065,0.0833372320001244,"Fat2_B1","Low fat","SAE"
"C14:1 (Z9)",10.751,4650790,0,100,0,0,"Fat2_B1","Low fat","SAE"
"C15:0",11.632,6064508,39.9156211110431,100,3991.56211110431,0.00922677974912727,"Fat2_B1","Low fat","SAE"
"C16:0",13.154,172595758,1172.38836866121,100,117238.836866121,0.271005910893439,"Fat2_B1","Low fat","SAE"
"C16:1 (Z9)",13.445,9678136,57.2395658467958,100,5723.95658467958,0.0132313328041371,"Fat2_B1","Low fat","SAE"
"Unknown 2",13.576,7299397,41.072734934109,100,4107.2734934109,0.00949425484015488,"Fat2_B1","Low fat","SAE"
"C17:0",NA,NA,0,100,0,0,"Fat2_B1","Low fat","SAE"
"C18:0",16.193,57122274,376.703607549363,100,37670.3607549364,0.0870777184674209,"Fat2_B1","Low fat","SAE"
"C18:1 (Z9)",16.461,117168044,787.78258357857,100,78778.258357857,0.182101547879132,"Fat2_B1","Low fat","SAE"
"Unknown 3",16.721,11510724,69.6945431808451,100,6969.45431808451,0.0161103894101196,"Fat2_B1","Low fat","SAE"
"C18:2 (Z9,12)",17.086,17416254,113.614449470889,100,11361.4449470889,0.0262627881618061,"Fat2_B1","Low fat","SAE"
"C18:3 (Z6,9,12)",NA,NA,NA,100,0,0,"Fat2_B1","Low fat","SAE"
"C20:1 (Z11)",19.847,27137219,175.898251289614,100,17589.8251289614,0.0406601319917054,"Fat2_B1","Low fat","SAE"
"C22:0",22.878,78404538,499.730274913212,100,49973.0274913212,0.11551620774653,"Fat2_B1","Low fat","SAE"
"C22:2 ???",25.728,16504027,107.527823371632,100,10752.7823371632,0.0248558212433433,"Fat2_B1","Low fat","SAE"
"C24:0",26.081,29623057,193.546115510199,100,19354.6115510199,0.0447395613397504,"Fat2_B1","Low fat","SAE"
"Unknown 4",26.776,5245119,32.4165399817574,100,3241.65399817574,0.00749331380334462,"Fat2_B1","Low fat","SAE"
"C4:0",2.317,4112978,28.5285590148994,100,2852.85590148994,0.00562942886187557,"Fat2_B2","High fat","SAE"
"C6:0",3.672,8304072,58.1373446650983,100,5813.73446650983,0.0114720146166368,"Fat2_B2","High fat","SAE"
"C8:0",5.105,7248300,50.678641318554,100,5067.8641318554,0.0100002178858845,"Fat2_B2","High fat","SAE"
"C10:0",6.448,15066091,105.908921998742,100,10590.8921998742,0.0208985929474556,"Fat2_B2","High fat","SAE"
"Unknown 1",NA,NA,0,100,0,0,"Fat2_B2","High fat","SAE"
"C12:0",8.079,35875280,252.919420130132,100,25291.9420130132,0.049907599001611,"Fat2_B2","High fat","SAE"
"C14:0",10.325,63005994,444.589541430883,100,44458.9541430883,0.0877291136545635,"Fat2_B2","High fat","SAE"
"C14:1 (Z9)",10.754,5168101,0,100,0,0,"Fat2_B2","High fat","SAE"
"C15:0",11.636,6606771,43.6032056905427,100,4360.32056905427,0.00860404987354751,"Fat2_B2","High fat","SAE"
"C16:0",13.166,200684889,1363.40462152587,100,136340.462152587,0.269035296273596,"Fat2_B2","High fat","SAE"
"C16:1 (Z9)",13.449,10468271,62.6096291211592,100,6260.96291211592,0.012354512999479,"Fat2_B2","High fat","SAE"
"Unknown 2",13.579,6652307,36.6748608439753,100,3667.48608439753,0.00723690670925647,"Fat2_B2","High fat","SAE"
"C17:0",NA,NA,0,100,0,0,"Fat2_B2","High fat","SAE"
"C18:0",16.204,63231490,417.061231230636,100,41706.1231230636,0.0822970599753364,"Fat2_B2","High fat","SAE"
"C18:1 (Z9)",16.476,147391057,993.189877461142,100,99318.9877461142,0.195982270207983,"Fat2_B2","High fat","SAE"
"Unknown 3",16.724,22959610,147.505603621115,100,14750.5603621115,0.0291067032821184,"Fat2_B2","High fat","SAE"
"C18:2 (Z9,12)",17.103,44877156,296.841039806771,100,29684.1039806771,0.0585744802604528,"Fat2_B2","High fat","SAE"
"C18:3 (Z6,9,12)",NA,NA,0,100,0,0,"Fat2_B2","High fat","SAE"
"C20:1 (Z11)",19.848,22862040,146.842480137559,100,14684.2480137559,0.0289758517212187,"Fat2_B2","High fat","SAE"
"C22:0",22.874,55931497,356.319506840923,100,35631.9506840923,0.0703111333037173,"Fat2_B2","High fat","SAE"
"C22:2 ???",25.727,14059078,91.2144601465231,100,9121.44601465231,0.0179989923185767,"Fat2_B2","High fat","SAE"
"C24:0",26.08,18114483,117.478498816873,100,11747.8498816873,0.023181572246398,"Fat2_B2","High fat","SAE"
"Unknown 4",26.777,8547826,54.2462688540193,100,5424.62688540193,0.0107042038602928,"Fat2_B2","High fat","SAE"
"C4:0",2.317,2801930,19.2664095119005,100,1926.64095119005,0.00379169307830266,"Fat3_B1","Low fat","SAE"
"C6:0",3.672,7213349,50.4317232901681,100,5043.17232901681,0.00992512984882272,"Fat3_B1","Low fat","SAE"
"C8:0",5.105,5565849,38.7926442433362,100,3879.26442433362,0.0076345206186789,"Fat3_B1","Low fat","SAE"
"C10:0",6.447,13957977,98.0804385760408,100,9808.04385760408,0.0193025545229875,"Fat3_B1","Low fat","SAE"
"Unknown 1",6.799,1596086,10.7474938007333,100,1074.74938007333,0.00211514230651902,"Fat3_B1","Low fat","SAE"
"C12:0",8.072,18729734,131.791429116419,100,13179.1429116419,0.0259369888951898,"Fat3_B1","Low fat","SAE"
"C14:0",10.324,62880709,443.70444157147,100,44370.444157147,0.0873225007949463,"Fat3_B1","Low fat","SAE"
"C14:1 (Z9)",10.752,5638189,0,100,0,0,"Fat3_B1","Low fat","SAE"
"C15:0",11.635,7540196,49.950833384336,100,4995.0833384336,0.00983048912574234,"Fat3_B1","Low fat","SAE"
"C16:0",13.169,218357921,1483.58763286207,100,148358.763286207,0.291974950241969,"Fat3_B1","Low fat","SAE"
"C16:1 (Z9)",13.45,11805565,71.6983967322971,100,7169.83967322971,0.0141104814805959,"Fat3_B1","Low fat","SAE"
"Unknown 2",13.579,6751119,37.346425440236,100,3734.6425440236,0.00734989997765914,"Fat3_B1","Low fat","SAE"
"C17:0",14.589,3749389,24.1210818023874,100,2412.10818023874,0.00474710863250321,"Fat3_B1","Low fat","SAE"
"C18:0",16.206,73021151,481.731960601677,100,48173.1960601677,0.0948064422425105,"Fat3_B1","Low fat","SAE"
"C18:1 (Z9)",16.473,144396580,972.83825278482,100,97283.825278482,0.191457783927712,"Fat3_B1","Low fat","SAE"
"Unknown 3",16.724,12010829,73.0934503218089,100,7309.34503218089,0.0143850326384516,"Fat3_B1","Low fat","SAE"
"C18:2 (Z9,12)",17.09,21562452,141.279007699801,100,14127.9007699801,0.027804175722203,"Fat3_B1","Low fat","SAE"
"C18:3 (Z6,9,12)",NA,NA,0,100,0,0,"Fat3_B1","Low fat","SAE"
"C20:1 (Z11)",19.846,25280870,163.281785003092,100,16328.1785003092,0.0321343950270918,"Fat3_B1","Low fat","SAE"
"C22:0",22.879,73883639,470.880347661834,100,47088.0347661834,0.0926708089452422,"Fat3_B1","Low fat","SAE"
"C22:2 ???",25.728,15641292,101.771421327248,100,10177.1421327248,0.0200289521292069,"Fat3_B1","Low fat","SAE"
"C24:0",26.081,28237611,184.388805901093,100,18438.8805901093,0.0362883265104388,"Fat3_B1","Low fat","SAE"
"Unknown 4",26.775,5247380,32.4314843946224,100,3243.14843946224,0.00638262333322741,"Fat3_B1","Low fat","SAE"
"C4:0",2.316,3985984,27.6313855979202,100,2763.13855979202,0.00424493288215419,"Fat3_B2","High fat","SAE"
"C6:0",3.671,9470182,66.375551929014,100,6637.5551929014,0.0101970913458575,"Fat3_B2","High fat","SAE"
"C8:0",5.105,9127279,63.9530480610955,100,6395.30480610955,0.00982492881750257,"Fat3_B2","High fat","SAE"
"C10:0",6.447,19561134,137.665013528884,100,13766.5013528884,0.0211490929609751,"Fat3_B2","High fat","SAE"
"Unknown 1",6.798,2255583,15.4066365710814,100,1540.66365710814,0.0023668787058187,"Fat3_B2","High fat","SAE"
"C12:0",8.081,47883009,337.750319677285,100,33775.0319677285,0.0518876417860172,"Fat3_B2","High fat","SAE"
"C14:0",10.33,84077925,593.456230704562,100,59345.6230704562,0.0911710293683824,"Fat3_B2","High fat","SAE"
"C14:1 (Z9)",10.751,6808007,0,100,0,0,"Fat3_B2","High fat","SAE"
"C15:0",11.634,8830125,58.7228172538779,100,5872.28172538779,0.00902142301226041,"Fat3_B2","High fat","SAE"
"C16:0",13.18,270597793,1838.83766176361,100,183883.766176361,0.28249551321637,"Fat3_B2","High fat","SAE"
"C16:1 (Z9)",13.452,13846303,85.5680420288575,100,8556.80420288575,0.0131455801947619,"Fat3_B2","High fat","SAE"
"Unknown 2",13.578,5974347,32.0671822858968,100,3206.71822858968,0.00492639198425438,"Fat3_B2","High fat","SAE"
"C17:0",14.589,4345833,28.0612048065426,100,2806.12048065426,0.00431096481115743,"Fat3_B2","High fat","SAE"
"C18:0",16.223,85098280,561.513757043672,100,56151.3757043672,0.086263796023173,"Fat3_B2","High fat","SAE"
"C18:1 (Z9)",16.488,195174117,1317.9420472077,100,131794.20472077,0.202471769399313,"Fat3_B2","High fat","SAE"
"Unknown 3",16.723,22714734,145.841331548149,100,14584.1331548149,0.0224051979468047,"Fat3_B2","High fat","SAE"
"C18:2 (Z9,12)",17.111,58111949,385.14717028971,100,38514.717028971,0.0591690880588519,"Fat3_B2","High fat","SAE"
"C18:3 (Z6,9,12)",NA,NA,0,100,0,0,"Fat3_B2","High fat","SAE"
"C20:1 (Z11)",19.844,21987567,140.899223172961,100,14089.9223172961,0.0216459555890641,"Fat3_B2","High fat","SAE"
"C22:0",22.87,60322959,384.343437308556,100,38434.3437308556,0.0590456127974293,"Fat3_B2","High fat","SAE"
"C22:2 ???",25.724,12362497,79.8944113054966,100,7989.44113054966,0.0122739560942098,"Fat3_B2","High fat","SAE"
"C24:0",26.079,25736800,167.859326873505,100,16785.9326873505,0.0257877613012372,"Fat3_B2","High fat","SAE"
"Unknown 4",26.773,6441992,40.3274485438947,100,4032.74485438947,0.00619539370440565,"Fat3_B2","High fat","SAE"
"C4:0",NA,NA,0,100,0,0,"Fat4_B1","Low fat","LAE"
"C6:0",3.671,4056671,28.1307674374245,100,2813.07674374245,0.00659913650589703,"Fat4_B1","Low fat","LAE"
"C8:0",5.104,4352636,30.2216688213975,100,3022.16688213975,0.00708963658499727,"Fat4_B1","Low fat","LAE"
"C10:0",6.446,12646100,88.8124324438887,100,8881.24324438887,0.020834318381882,"Fat4_B1","Low fat","LAE"
"Unknown 1",NA,NA,0,100,0,0,"Fat4_B1","Low fat","LAE"
"C12:0",8.072,18295549,128.724046090047,100,12872.4046090047,0.0301970983773975,"Fat4_B1","Low fat","LAE"
"C14:0",10.322,60571444,427.390197034243,100,42739.0197034243,0.100260551290861,"Fat4_B1","Low fat","LAE"
"C14:1 (Z9)",10.751,5755052,40.129305046309,100,4012.93050463091,0.00941384775500534,"Fat4_B1","Low fat","LAE"
"C15:0",11.633,7348447,48.6468708135273,100,4864.68708135273,0.0114119652724482,"Fat4_B1","Low fat","LAE"
"C16:0",13.166,213472866,1450.36749155055,100,145036.749155055,0.340238604643408,"Fat4_B1","Low fat","LAE"
"C16:1 (Z9)",13.447,11519450,69.7538484541618,100,6975.38484541618,0.0163634059676693,"Fat4_B1","Low fat","LAE"
"Unknown 2",NA,NA,0,100,0,0,"Fat4_B1","Low fat","LAE"
"C17:0",NA,NA,0,100,0,0,"Fat4_B1","Low fat","LAE"
"C18:0",16.2,65589802,432.640295421365,100,43264.0295421365,0.101492160631171,"Fat4_B1","Low fat","LAE"
"C18:1 (Z9)",16.466,135016799,909.089630752292,100,90908.9630752292,0.213261390140701,"Fat4_B1","Low fat","LAE"
"Unknown 3",16.718,3397283,14.5524579133733,100,1455.24579133733,0.00341382994546074,"Fat4_B1","Low fat","LAE"
"C18:2 (Z9,12)",17.087,21458162,140.583156518142,100,14058.3156518142,0.0329791017026745,"Fat4_B1","Low fat","LAE"
"C18:3 (Z6,9,12)",NA,NA,0,100,0,0,"Fat4_B1","Low fat","LAE"
"C20:1 (Z11)",19.841,13052467,80.1728253260567,100,8017.28253260567,0.018807571445286,"Fat4_B1","Low fat","LAE"
"C22:0",22.864,37377883,237.920397692465,100,23792.0397692465,0.0558132367132331,"Fat4_B1","Low fat","LAE"
"C22:2 ???",25.721,7427568,46.9672258030079,100,4696.72258030079,0.0110179409455071,"Fat4_B1","Low fat","LAE"
"C24:0",26.073,13759347,88.6925852975002,100,8869.25852975002,0.0208062036964003,"Fat4_B1","Low fat","LAE"
"Unknown 4",NA,NA,0,100,0,0,"Fat4_B1","Low fat","LAE"
"C4:0",NA,NA,0,100,0,0,"Fat4_B2","High fat","LAE"
"C6:0",3.672,5553417,38.704816000113,100,3870.4816000113,0.0119363981811688,"Fat4_B2","High fat","LAE"
"C8:0",5.104,5814521,40.5494351779243,100,4054.94351779243,0.0125052707731199,"Fat4_B2","High fat","LAE"
"C10:0",6.446,10566148,74.1182134808441,100,7411.82134808441,0.0228577370987022,"Fat4_B2","High fat","LAE"
"Unknown 1",NA,NA,0,100,0,0,"Fat4_B2","High fat","LAE"
"C12:0",8.074,21130109,148.749337685183,100,14874.9337685183,0.0458736536504992,"Fat4_B2","High fat","LAE"
"C14:0",10.311,33079281,233.166550099259,100,23316.6550099259,0.071907557563536,"Fat4_B2","High fat","LAE"
"C14:1 (Z9)",10.749,3324001,22.954680004804,100,2295.4680004804,0.00707912422727585,"Fat4_B2","High fat","LAE"
"C15:0",11.631,3671093,23.6395332231675,100,2363.95332231675,0.00729033000358073,"Fat4_B2","High fat","LAE"
"C16:0",13.134,109661807,744.414733663831,100,74441.4733663831,0.229574290520184,"Fat4_B2","High fat","LAE"
"C16:1 (Z9)",13.437,6994663,39.0016447256638,100,3900.16447256638,0.0120279388788373,"Fat4_B2","High fat","LAE"
"Unknown 2",NA,NA,0,100,0,0,"Fat4_B2","High fat","LAE"
"C17:0",NA,NA,0,100,0,0,"Fat4_B2","High fat","LAE"
"C18:0",16.17,31599997,208.10284917788,100,20810.284917788,0.0641780203893914,"Fat4_B2","High fat","LAE"
"C18:1 (Z9)",16.444,79086989,528.968994882321,100,52896.8994882321,0.163131754673361,"Fat4_B2","High fat","LAE"
"Unknown 3",16.716,17626546,111.260036564562,100,11126.0036564562,0.0343121150112724,"Fat4_B2","High fat","LAE"
"C18:2 (Z9,12)",17.085,24356221,159.919792625806,100,15991.9792625806,0.0493185737357848,"Fat4_B2","High fat","LAE"
"C18:3 (Z6,9,12)",NA,NA,0,100,0,0,"Fat4_B2","High fat","LAE"
"C20:1 (Z11)",19.845,23955975,154.277285794871,100,15427.7285794871,0.047578448985578,"Fat4_B2","High fat","LAE"
"C22:0",22.875,69062233,440.112747600572,100,44011.2747600572,0.135728871568678,"Fat4_B2","High fat","LAE"
"C22:2 ???",25.726,13302399,86.165692515046,100,8616.5692515046,0.0265731276286843,"Fat4_B2","High fat","LAE"
"C24:0",26.08,28856765,188.481195553029,100,18848.1195553029,0.0581267871103464,"Fat4_B2","High fat","LAE"
"Unknown 4",NA,NA,0,100,0,0,"Fat4_B2","High fat","LAE"
"C4:0",2.316,2219294,15.1502659856304,100,1515.02659856304,0.00526803806485187,"Fat5_B1","Low fat","LAE"
"C6:0",3.671,4695730,32.6455220453694,100,3264.55220453694,0.0113514741553108,"Fat5_B1","Low fat","LAE"
"C8:0",5.103,3938597,27.2966110675455,100,2729.66110675455,0.0094915552163689,"Fat5_B1","Low fat","LAE"
"C10:0",6.444,7380230,51.6106860521798,100,5161.06860521798,0.0179460254317568,"Fat5_B1","Low fat","LAE"
"Unknown 1",NA,NA,0,100,0,0,"Fat5_B1","Low fat","LAE"
"C12:0",8.067,8401653,58.8267243145483,100,5882.67243145483,0.0204551803389802,"Fat5_B1","Low fat","LAE"
"C14:0",10.304,23990665,168.958282997407,100,16895.8282997407,0.0587500356130097,"Fat5_B1","Low fat","LAE"
"C14:1 (Z9)",NA,NA,0,100,0,0,"Fat5_B1","Low fat","LAE"
"C15:0",11.628,2780419,17.5826277957987,100,1758.26277957987,0.00611381691887412,"Fat5_B1","Low fat","LAE"
"C16:0",13.115,71784996,486.838715819682,100,48683.8715819682,0.169283159042502,"Fat5_B1","Low fat","LAE"
"C16:1 (Z9)",13.432,5392914,28.115538579691,100,2811.5538579691,0.00977631201934707,"Fat5_B1","Low fat","LAE"
"Unknown 2",13.571,8258602,47.5918633654349,100,4759.18633654349,0.0165486037026767,"Fat5_B1","Low fat","LAE"
"C17:0",NA,NA,0,100,0,0,"Fat5_B1","Low fat","LAE"
"C18:0",16.157,22975870,151.13166465183,100,15113.166465183,0.052551378500246,"Fat5_B1","Low fat","LAE"
"C18:1 (Z9)",16.43,47202536,312.269911714932,100,31226.9911714932,0.108582237630843,"Fat5_B1","Low fat","LAE"
"Unknown 3",16.714,12092999,73.6519094449391,100,7365.19094449391,0.0256101815554242,"Fat5_B1","Low fat","LAE"
"C18:2 (Z9,12)",17.071,8963510,57.2154476426865,100,5721.54476426865,0.0198949085359355,"Fat5_B1","Low fat","LAE"
"C18:3 (Z6,9,12)",NA,NA,0,100,0,0,"Fat5_B1","Low fat","LAE"
"C20:1 (Z11)",19.845,34651713,226.969660928251,100,22696.9660928251,0.0789217043760564,"Fat5_B1","Low fat","LAE"
"C22:0",22.885,106725817,680.461328364305,100,68046.1328364305,0.236609455100181,"Fat5_B1","Low fat","LAE"
"C22:2 ???",25.725,19277540,126.033454768672,100,12603.3454768672,0.0438242495409578,"Fat5_B1","Low fat","LAE"
"C24:0",26.081,40762292,267.172531627163,100,26717.2531627163,0.0929010136079251,"Fat5_B1","Low fat","LAE"
"Unknown 4",26.772,7354859,46.3611775747882,100,4636.11775747882,0.0161206706487522,"Fat5_B1","Low fat","LAE"
"C4:0",2.316,2462855,16.8709492825806,100,1687.09492825806,0.0042620305886404,"Fat5_B2","High fat","LAE"
"C6:0",3.671,5627492,39.2281330140093,100,3922.81330140093,0.00991002343973547,"Fat5_B2","High fat","LAE"
"C8:0",5.104,6298128,43.9659693816276,100,4396.59693816276,0.0111069213252392,"Fat5_B2","High fat","LAE"
"C10:0",6.446,12487958,87.6952080198377,100,8769.52080198376,0.022154038447833,"Fat5_B2","High fat","LAE"
"Unknown 1",NA,NA,0,100,0,0,"Fat5_B2","High fat","LAE"
"C12:0",8.074,27648382,194.798924753972,100,19479.8924753972,0.0492111594925437,"Fat5_B2","High fat","LAE"
"C14:0",10.315,45401712,320.220722152753,100,32022.0722152753,0.080895893293966,"Fat5_B2","High fat","LAE"
"C14:1 (Z9)",NA,NA,0,100,0,0,"Fat5_B2","High fat","LAE"
"C15:0",11.63,5099465,33.3529795785136,100,3335.29795785136,0.00842581035630854,"Fat5_B2","High fat","LAE"
"C16:0",13.146,153807185,1044.61927494543,100,104461.927494543,0.26389737937851,"Fat5_B2","High fat","LAE"
"C16:1 (Z9)",13.441,8575399,49.7449383907515,100,4974.49383907515,0.0125668357778967,"Fat5_B2","High fat","LAE"
"Unknown 2",13.573,4388892,21.2918164703644,100,2129.18164703644,0.0053788540030825,"Fat5_B2","High fat","LAE"
"C17:0",NA,NA,0,100,0,0,"Fat5_B2","High fat","LAE"
"C18:0",16.182,44110634,290.748409599873,100,29074.8409599873,0.073450438061163,"Fat5_B2","High fat","LAE"
"C18:1 (Z9)",16.456,110147541,740.068527970531,100,74006.8527970531,0.186960120089817,"Fat5_B2","High fat","LAE"
"Unknown 3",16.717,16730571,105.170643685817,100,10517.0643685817,0.0265687776608257,"Fat5_B2","High fat","LAE"
"C18:2 (Z9,12)",17.091,34932417,230.48704244899,100,23048.704244899,0.0582268850880332,"Fat5_B2","High fat","LAE"
"C18:3 (Z6,9,12)",NA,NA,0,100,0,0,"Fat5_B2","High fat","LAE"
"C20:1 (Z11)",19.842,18570039,117.672380162706,100,11767.2380162706,0.0297270340448122,"Fat5_B2","High fat","LAE"
"C22:0",22.868,54721743,348.599512456606,100,34859.9512456606,0.088065097013197,"Fat5_B2","High fat","LAE"
"C22:2 ???",25.721,11200268,72.1397040180418,100,7213.97040180418,0.0182243227710853,"Fat5_B2","High fat","LAE"
"C24:0",26.077,25282306,164.85528176927,100,16485.528176927,0.0416466342131099,"Fat5_B2","High fat","LAE"
"Unknown 4",26.773,5923360,36.8994738720637,100,3689.94738720637,0.00932174495420077,"Fat5_B2","High fat","LAE"
"C4:0",2.317,2124886,14.4833026019258,100,1448.33026019258,0.00346463190705186,"Fat6_B1","Low fat","LAE"
"C6:0",3.672,5185107,36.1028195183293,100,3610.28195183293,0.0086363575957535,"Fat6_B1","Low fat","LAE"
"C8:0",5.104,5170564,36.0000777116052,100,3600.00777116052,0.00861178015291823,"Fat6_B1","Low fat","LAE"
"C10:0",6.446,13935866,97.9242311849607,100,9792.42311849607,0.0234250036170497,"Fat6_B1","Low fat","LAE"
"Unknown 1",NA,NA,0,100,0,0,"Fat6_B1","Low fat","LAE"
"C12:0",8.072,18285902,128.655893012314,100,12865.5893012314,0.0307764965085686,"Fat6_B1","Low fat","LAE"
"C14:0",10.32,55677022,392.812616125865,100,39281.2616125865,0.0939669052513769,"Fat6_B1","Low fat","LAE"
"C14:1 (Z9)",10.752,5660857,39.4638464418682,100,3946.38464418682,0.00944036766443802,"Fat6_B1","Low fat","LAE"
"C15:0",11.635,6733504,44.465035939912,100,4446.5035939912,0.0106367302057987,"Fat6_B1","Low fat","LAE"
"C16:0",13.161,194632464,1322.24594188411,100,132224.594188411,0.316301854979705,"Fat6_B1","Low fat","LAE"
"C16:1 (Z9)",13.447,10973038,66.0402210185066,100,6604.02210185066,0.0157978510273652,"Fat6_B1","Low fat","LAE"
"Unknown 2",NA,NA,0,100,0,0,"Fat6_B1","Low fat","LAE"
"C17:0",NA,NA,0,100,0,0,"Fat6_B1","Low fat","LAE"
"C18:0",16.194,57573572,379.68489268515,100,37968.489268515,0.0908265490253319,"Fat6_B1","Low fat","LAE"
"C18:1 (Z9)",16.464,121646961,818.223037033513,100,81822.3037033513,0.195731713898889,"Fat6_B1","Low fat","LAE"
"Unknown 3",16.721,4351436,21.0372509973698,100,2103.72509973698,0.00503243859811742,"Fat6_B1","Low fat","LAE"
"C18:2 (Z9,12)",17.086,19624158,128.346184128001,100,12834.6184128001,0.0307024093122999,"Fat6_B1","Low fat","LAE"
"C18:3 (Z6,9,12)",NA,NA,0,100,0,0,"Fat6_B1","Low fat","LAE"
"C20:1 (Z11)",19.844,17072455,107.494219672822,100,10749.4219672822,0.0257142941453546,"Fat6_B1","Low fat","LAE"
"C22:0",22.87,50105408,319.140564376149,100,31914.0564376149,0.0763434012643718,"Fat6_B1","Low fat","LAE"
"C22:2 ???",25.726,11064370,71.2329556827735,100,7123.29556827735,0.0170400341603946,"Fat6_B1","Low fat","LAE"
"C24:0",26.079,19299694,125.312325670549,100,12531.2325670549,0.029976663044196,"Fat6_B1","Low fat","LAE"
"Unknown 4",26.776,5131261,31.6639787433738,100,3166.39787433738,0.00757451764101909,"Fat6_B1","Low fat","LAE"
"C4:0",2.316,3473517,24.0109644010201,100,2401.09644010201,0.00715359972937186,"Fat6_B2","High fat","LAE"
"C6:0",3.671,5692024,39.6840316780761,100,3968.40316780761,0.0118230852177103,"Fat6_B2","High fat","LAE"
"C8:0",5.103,5763042,40.1857519304269,100,4018.57519304269,0.0119725630063361,"Fat6_B2","High fat","LAE"
"C10:0",6.445,10911385,76.5572063384411,100,7655.72063384411,0.0228087302699457,"Fat6_B2","High fat","LAE"
"Unknown 1",NA,NA,0,100,0,0,"Fat6_B2","High fat","LAE"
"C12:0",8.072,21909686,154.256808596316,100,15425.6808596316,0.0459578151796973,"Fat6_B2","High fat","LAE"
"C14:0",10.31,36573342,257.851012723509,100,25785.1012723509,0.0768216929578549,"Fat6_B2","High fat","LAE"
"C14:1 (Z9)",10.748,3642476,25.2046075917174,100,2520.46075917174,0.00750922249667625,"Fat6_B2","High fat","LAE"
"C15:0",11.63,4118850,26.6844428123576,100,2668.44428123576,0.00795011061166748,"Fat6_B2","High fat","LAE"
"C16:0",13.135,123366467,837.611379725401,100,83761.1379725401,0.249550015536562,"Fat6_B2","High fat","LAE"
"C16:1 (Z9)",13.438,7858099,44.8698899664938,100,4486.98899664938,0.0133681108080614,"Fat6_B2","High fat","LAE"
"Unknown 2",NA,NA,0,100,0,0,"Fat6_B2","High fat","LAE"
"C17:0",NA,NA,0,100,0,0,"Fat6_B2","High fat","LAE"
"C18:0",16.174,36481766,240.351929289126,100,24035.1929289126,0.0716081814791098,"Fat6_B2","High fat","LAE"
"C18:1 (Z9)",16.446,86991979,582.694366474782,100,58269.4366474782,0.173602450643066,"Fat6_B2","High fat","LAE"
"Unknown 3",16.715,14825493,92.2229962551907,100,9222.29962551907,0.0274760476103561,"Fat6_B2","High fat","LAE"
"C18:2 (Z9,12)",17.084,26085370,171.457144000961,100,17145.7144000961,0.0510823204948833,"Fat6_B2","High fat","LAE"
"C18:3 (Z6,9,12)",NA,NA,0,100,0,0,"Fat6_B2","High fat","LAE"
"C20:1 (Z11)",19.841,18985552,120.496367331127,100,12049.6367331127,0.0358995484868412,"Fat6_B2","High fat","LAE"
"C22:0",22.868,55896831,356.098287216663,100,35609.8287216663,0.106092557071747,"Fat6_B2","High fat","LAE"
"C22:2 ???",25.722,11309818,72.8706513471316,100,7287.06513471316,0.0217103929292338,"Fat6_B2","High fat","LAE"
"C24:0",26.077,24572823,160.1658492736,100,16016.58492736,0.0477182988938819,"Fat6_B2","High fat","LAE"
"Unknown 4",26.772,5365664,33.2132999325816,100,3321.32999325816,0.00989525657699811,"Fat6_B2","High fat","LAE"
"C4:0",2.315,1234139,8.19044995019393,100,819.044995019393,0.0139548142275119,"Fat7_B1","Low fat","Lipase transeserification"
"C6:0",3.67,2105558,14.3467562469534,100,1434.67562469534,0.0244438729753656,"Fat7_B1","Low fat","Lipase transeserification"
"C8:0",5.103,1869238,12.6772283802782,100,1267.72283802782,0.0215993465612149,"Fat7_B1","Low fat","Lipase transeserification"
"C10:0",6.443,3212101,22.1641410394987,100,2216.41410394987,0.0377630621759985,"Fat7_B1","Low fat","Lipase transeserification"
"Unknown 1",NA,NA,0,100,0,0,"Fat7_B1","Low fat","Lipase transeserification"
"C12:0",8.065,3033688,20.9037082565048,100,2090.37082565048,0.0356155482494249,"Fat7_B1","Low fat","Lipase transeserification"
"C14:0",10.293,5541182,38.6183795010915,100,3861.83795010915,0.0657976442054354,"Fat7_B1","Low fat","Lipase transeserification"
"C14:1 (Z9)",NA,NA,0,100,0,0,"Fat7_B1","Low fat","Lipase transeserification"
"C15:0",NA,NA,0,100,0,0,"Fat7_B1","Low fat","Lipase transeserification"
"C16:0",13.082,16162578,108.5861503832,100,10858.61503832,0.18500809668489,"Fat7_B1","Low fat","Lipase transeserification"
"C16:1 (Z9)",NA,NA,0,100,0,0,"Fat7_B1","Low fat","Lipase transeserification"
"Unknown 2",NA,NA,0,100,0,0,"Fat7_B1","Low fat","Lipase transeserification"
"C17:0",NA,NA,0,100,0,0,"Fat7_B1","Low fat","Lipase transeserification"
"C18:0",16.13,3289618,21.0838238305687,100,2108.38238305687,0.0359224275284423,"Fat7_B1","Low fat","Lipase transeserification"
"C18:1 (Z9)",16.399,11401755,68.9539476814126,100,6895.39476814126,0.117483109719132,"Fat7_B1","Low fat","Lipase transeserification"
"Unknown 3",NA,NA,0,100,0,0,"Fat7_B1","Low fat","Lipase transeserification"
"C18:2 (Z9,12)",17.062,2518267,14.2110372713079,100,1421.10372713079,0.0242126362174589,"Fat7_B1","Low fat","Lipase transeserification"
"C18:3 (Z6,9,12)",NA,NA,0,100,0,0,"Fat7_B1","Low fat","Lipase transeserification"
"C20:1 (Z11)",19.841,6432963,35.1841141249312,100,3518.41141249312,0.0599463740525474,"Fat7_B1","Low fat","Lipase transeserification"
"C22:0",22.858,19264350,122.329646977741,100,12232.9646977741,0.208424141344161,"Fat7_B1","Low fat","Lipase transeserification"
"C22:2 ???",25.72,5406030,33.4789756728986,100,3347.89756728986,0.0570411746465319,"Fat7_B1","Low fat","Lipase transeserification"
"C24:0",26.072,10356069,66.1981175724087,100,6619.81175724087,0.112787751411885,"Fat7_B1","Low fat","Lipase transeserification"
"Unknown 4",NA,NA,0,100,0,0,"Fat7_B1","Low fat","Lipase transeserification"
"C4:0",2.317,1641814,11.0705480081103,100,1107.05480081103,0.0293321818010456,"Fat7_B2","High fat","Lipase transeserification"
"C6:0",3.671,1798698,12.1788850504066,100,1217.88850504066,0.0322687973685542,"Fat7_B2","High fat","Lipase transeserification"
"C8:0",5.103,1719874,11.6220178171517,100,1162.20178171517,0.0307933391606216,"Fat7_B2","High fat","Lipase transeserification"
"C10:0",6.443,2859145,19.6706158291475,100,1967.06158291475,0.0521186556633315,"Fat7_B2","High fat","Lipase transeserification"
"Unknown 1",NA,NA,0,100,0,0,"Fat7_B2","High fat","Lipase transeserification"
"C12:0",8.065,3695069,25.5761609054108,100,2557.61609054108,0.0677658053513436,"Fat7_B2","High fat","Lipase transeserification"
"C14:0",10.294,5202997,36.2292068470989,100,3622.92068470989,0.0959917865825857,"Fat7_B2","High fat","Lipase transeserification"
"C14:1 (Z9)",NA,NA,0,100,0,0,"Fat7_B2","High fat","Lipase transeserification"
"C15:0",NA,NA,0,100,0,0,"Fat7_B2","High fat","Lipase transeserification"
"C16:0",13.081,12697254,85.0206935008943,100,8502.06935008942,0.225268201428892,"Fat7_B2","High fat","Lipase transeserification"
"C16:1 (Z9)",NA,NA,0,100,0,0,"Fat7_B2","High fat","Lipase transeserification"
"Unknown 2",NA,NA,0,100,0,0,"Fat7_B2","High fat","Lipase transeserification"
"C17:0",NA,NA,0,100,0,0,"Fat7_B2","High fat","Lipase transeserification"
"C18:0",16.129,2225210,14.0523197051071,100,1405.23197051071,0.037232591919989,"Fat7_B2","High fat","Lipase transeserification"
"C18:1 (Z9)",16.396,9201815,54.0023039752068,100,5400.23039752068,0.143082835349763,"Fat7_B2","High fat","Lipase transeserification"
"Unknown 3",NA,NA,0,100,0,0,"Fat7_B2","High fat","Lipase transeserification"
"C18:2 (Z9,12)",17.064,3342165,19.7083083123157,100,1970.83083123157,0.0522185245016231,"Fat7_B2","High fat","Lipase transeserification"
"C18:3 (Z6,9,12)",NA,NA,0,100,0,0,"Fat7_B2","High fat","Lipase transeserification"
"C20:1 (Z11)",19.846,2514062,8.54974615494403,100,854.974615494403,0.0226531431312963,"Fat7_B2","High fat","Lipase transeserification"
"C22:0",22.859,7279125,45.846436593833,100,4584.6436593833,0.121473301241748,"Fat7_B2","High fat","Lipase transeserification"
"C22:2 ???",25.723,2288841,12.680244738914,100,1268.0244738914,0.0335971845017153,"Fat7_B2","High fat","Lipase transeserification"
"C24:0",26.076,3549996,21.2123745819398,100,2121.23745819398,0.0562036519974901,"Fat7_B2","High fat","Lipase transeserification"
"Unknown 4",NA,NA,0,100,0,0,"Fat7_B2","High fat","Lipase transeserification"
"C4:0",3.671,588163,3.62682887198073,100,362.682887198073,0.0345553934611951,"Fat8_B1","Low fat","Lipase transeserification"
"C6:0",NA,NA,0,100,0,0,"Fat8_B1","Low fat","Lipase transeserification"
"C8:0",5.103,584420,3.60038573214929,100,360.038573214929,0.0343034507493997,"Fat8_B1","Low fat","Lipase transeserification"
"C10:0",6.443,976890,6.37306515764859,100,637.306515764859,0.0607207513367206,"Fat8_B1","Low fat","Lipase transeserification"
"Unknown 1",NA,NA,0,100,0,0,"Fat8_B1","Low fat","Lipase transeserification"
"C12:0",NA,NA,0,100,0,0,"Fat8_B1","Low fat","Lipase transeserification"
"C14:0",10.292,1424552,9.53565902973529,100,953.565902973529,0.0908530458191555,"Fat8_B1","Low fat","Lipase transeserification"
"C14:1 (Z9)",NA,NA,0,100,0,0,"Fat8_B1","Low fat","Lipase transeserification"
"C15:0",NA,NA,0,100,0,0,"Fat8_B1","Low fat","Lipase transeserification"
"C16:0",13.073,3680333,23.7023685660077,100,2370.23685660077,0.225829423077619,"Fat8_B1","Low fat","Lipase transeserification"
"C16:1 (Z9)",NA,NA,0,100,0,0,"Fat8_B1","Low fat","Lipase transeserification"
"Unknown 2",NA,NA,0,100,0,0,"Fat8_B1","Low fat","Lipase transeserification"
"C17:0",NA,NA,0,100,0,0,"Fat8_B1","Low fat","Lipase transeserification"
"C18:0",NA,NA,0,100,0,0,"Fat8_B1","Low fat","Lipase transeserification"
"C18:1 (Z9)",16.392,2389392,7.7024405825863,100,770.24405825863,0.0733866621055621,"Fat8_B1","Low fat","Lipase transeserification"
"Unknown 3",NA,NA,0,100,0,0,"Fat8_B1","Low fat","Lipase transeserification"
"C18:2 (Z9,12)",NA,NA,0,100,0,0,"Fat8_B1","Low fat","Lipase transeserification"
"C18:3 (Z6,9,12)",NA,NA,0,100,0,0,"Fat8_B1","Low fat","Lipase transeserification"
"C20:1 (Z11)",NA,NA,0,100,0,0,"Fat8_B1","Low fat","Lipase transeserification"
"C22:0",22.861,4138177,25.8026087400449,100,2580.26087400449,0.245839913822728,"Fat8_B1","Low fat","Lipase transeserification"
"C22:2 ???",25.724,1936508,10.3293833486796,100,1032.93833486796,0.098415425272107,"Fat8_B1","Low fat","Lipase transeserification"
"C24:0",26.079,2501807,14.2842148399804,100,1428.42148399804,0.136095934355513,"Fat8_B1","Low fat","Lipase transeserification"
"Unknown 4",NA,NA,0,100,0,0,"Fat8_B1","Low fat","Lipase transeserification"
"C4:0",2.316,1855954,12.5833810200001,100,1258.33810200001,0.0316396787679779,"Fat8_B2","High fat","Lipase transeserification"
"C6:0",NA,NA,0,100,0,0,"Fat8_B2","High fat","Lipase transeserification"
"C8:0",5.104,2215470,15.1232506057973,100,1512.32506057973,0.0380259320078228,"Fat8_B2","High fat","Lipase transeserification"
"C10:0",6.444,3679851,25.4686504320059,100,2546.86504320059,0.0640384263213368,"Fat8_B2","High fat","Lipase transeserification"
"Unknown 1",NA,NA,0,100,0,0,"Fat8_B2","High fat","Lipase transeserification"
"C12:0",NA,NA,0,100,0,0,"Fat8_B2","High fat","Lipase transeserification"
"C14:0",10.295,6506442,45.4376435015436,100,4543.76435015436,0.11424850301185,"Fat8_B2","High fat","Lipase transeserification"
"C14:1 (Z9)",NA,NA,0,100,0,0,"Fat8_B2","High fat","Lipase transeserification"
"C15:0",NA,NA,0,100,0,0,"Fat8_B2","High fat","Lipase transeserification"
"C16:0",13.083,16545078,111.187288763762,100,11118.7288763762,0.279569544463162,"Fat8_B2","High fat","Lipase transeserification"
"C16:1 (Z9)",NA,NA,0,100,0,0,"Fat8_B2","High fat","Lipase transeserification"
"Unknown 2",NA,NA,0,100,0,0,"Fat8_B2","High fat","Lipase transeserification"
"C17:0",NA,NA,0,100,0,0,"Fat8_B2","High fat","Lipase transeserification"
"C18:0",NA,NA,0,100,0,0,"Fat8_B2","High fat","Lipase transeserification"
"C18:1 (Z9)",16.402,15733738,98.3957808029252,100,9839.57808029252,0.24740655089286,"Fat8_B2","High fat","Lipase transeserification"
"Unknown 3",NA,NA,0,100,0,0,"Fat8_B2","High fat","Lipase transeserification"
"C18:2 (Z9,12)",NA,NA,0,100,0,0,"Fat8_B2","High fat","Lipase transeserification"
"C18:3 (Z6,9,12)",NA,NA,0,100,0,0,"Fat8_B2","High fat","Lipase transeserification"
"C20:1 (Z11)",NA,NA,0,100,0,0,"Fat8_B2","High fat","Lipase transeserification"
"C22:0",22.857,8228202,51.9029316418215,100,5190.29316418215,0.130504836629633,"Fat8_B2","High fat","Lipase transeserification"
"C22:2 ???",25.721,2291419,12.6974458545178,100,1269.74458545178,0.0319264836193231,"Fat8_B2","High fat","Lipase transeserification"
"C24:0",26.075,4109803,24.9125014871707,100,2491.25014871707,0.0626400442860342,"Fat8_B2","High fat","Lipase transeserification"
"Unknown 4",NA,NA,0,100,0,0,"Fat8_B2","High fat","Lipase transeserification"
"C4:0",2.316,1083097,7.12338483493349,100,712.338483493349,0.0197698210330577,"Fat9_B1","Low fat","Lipase transeserification"
"C6:0",3.671,2023215,13.7650283647359,100,1376.50283647359,0.0382026457353869,"Fat9_B1","Low fat","Lipase transeserification"
"C8:0",5.103,1685574,11.3796989028534,100,1137.96989028534,0.0315825434021488,"Fat9_B1","Low fat","Lipase transeserification"
"C10:0",6.444,2590482,17.7725946492027,100,1777.25946492027,0.0493250082158587,"Fat9_B1","Low fat","Lipase transeserification"
"Unknown 1",NA,NA,0,100,0,0,"Fat9_B1","Low fat","Lipase transeserification"
"C12:0",8.065,1923507,13.0606221167228,100,1306.06221167228,0.0362476782893644,"Fat9_B1","Low fat","Lipase transeserification"
"C14:0",10.293,3554671,24.584292365188,100,2458.4292365188,0.0682297912504502,"Fat9_B1","Low fat","Lipase transeserification"
"C14:1 (Z9)",NA,NA,0,100,0,0,"Fat9_B1","Low fat","Lipase transeserification"
"C15:0",NA,NA,0,100,0,0,"Fat9_B1","Low fat","Lipase transeserification"
"C16:0",13.079,9897863,65.9838219393272,100,6598.38219393272,0.183127597489941,"Fat9_B1","Low fat","Lipase transeserification"
"C16:1 (Z9)",NA,NA,0,100,0,0,"Fat9_B1","Low fat","Lipase transeserification"
"Unknown 2",NA,NA,0,100,0,0,"Fat9_B1","Low fat","Lipase transeserification"
"C17:0",NA,NA,0,100,0,0,"Fat9_B1","Low fat","Lipase transeserification"
"C18:0",16.127,1872925,11.7251167614631,100,1172.51167614631,0.032541195700821,"Fat9_B1","Low fat","Lipase transeserification"
"C18:1 (Z9)",16.395,5913853,31.6560416482598,100,3165.60416482598,0.0878563060263136,"Fat9_B1","Low fat","Lipase transeserification"
"Unknown 3",NA,NA,0,100,0,0,"Fat9_B1","Low fat","Lipase transeserification"
"C18:2 (Z9,12)",NA,NA,0,100,0,0,"Fat9_B1","Low fat","Lipase transeserification"
"C18:3 (Z6,9,12)",NA,NA,0,100,0,0,"Fat9_B1","Low fat","Lipase transeserification"
"C20:1 (Z11)",19.844,4310887,20.7616642992585,100,2076.16642992585,0.0576206953654775,"Fat9_B1","Low fat","Lipase transeserification"
"C22:0",22.858,12053241,76.3122575045947,100,7631.22575045947,0.211792526790888,"Fat9_B1","Low fat","Lipase transeserification"
"C22:2 ???",25.72,4063541,24.5215247474545,100,2452.15247474545,0.0680555897159245,"Fat9_B1","Low fat","Lipase transeserification"
"C24:0",26.076,6645120,41.6700530093725,100,4167.00530093725,0.115648600984368,"Fat9_B1","Low fat","Lipase transeserification"
"Unknown 4",NA,NA,0,100,0,0,"Fat9_B1","Low fat","Lipase transeserification"
"C4:0",2.316,1606588,10.8216871895951,100,1082.16871895951,0.0257173579322727,"Fat9_B2","High fat","Lipase transeserification"
"C6:0",3.67,1909516,12.9617800196398,100,1296.17800196398,0.0308032130632053,"Fat9_B2","High fat","Lipase transeserification"
"C8:0",5.103,1994877,13.564829140439,100,1356.4829140439,0.0322363380296381,"Fat9_B2","High fat","Lipase transeserification"
"C10:0",6.443,3546896,24.5293643897166,100,2452.93643897166,0.058293169337589,"Fat9_B2","High fat","Lipase transeserification"
"Unknown 1",NA,NA,0,100,0,0,"Fat9_B2","High fat","Lipase transeserification"
"C12:0",8.066,4674356,32.4945213318356,100,3249.45213318356,0.0772220838846805,"Fat9_B2","High fat","Lipase transeserification"
"C14:0",10.295,6435089,44.9335565775809,100,4493.35565775809,0.10678301242959,"Fat9_B2","High fat","Lipase transeserification"
"C14:1 (Z9)",NA,NA,0,100,0,0,"Fat9_B2","High fat","Lipase transeserification"
"C15:0",NA,NA,0,100,0,0,"Fat9_B2","High fat","Lipase transeserification"
"C16:0",13.08,13891719,93.1434876335421,100,9314.34876335421,0.221352213251475,"Fat9_B2","High fat","Lipase transeserification"
"C16:1 (Z9)",NA,NA,0,100,0,0,"Fat9_B2","High fat","Lipase transeserification"
"Unknown 2",NA,NA,0,100,0,0,"Fat9_B2","High fat","Lipase transeserification"
"C17:0",NA,NA,0,100,0,0,"Fat9_B2","High fat","Lipase transeserification"
"C18:0",16.13,2445057,15.5046341253955,100,1550.46341253955,0.0368462161607394,"Fat9_B2","High fat","Lipase transeserification"
"C18:1 (Z9)",16.4,12072471,73.5123932117686,100,7351.23932117686,0.174699609733938,"Fat9_B2","High fat","Lipase transeserification"
"Unknown 3",NA,NA,0,100,0,0,"Fat9_B2","High fat","Lipase transeserification"
"C18:2 (Z9,12)",NA,NA,0,100,0,0,"Fat9_B2","High fat","Lipase transeserification"
"C18:3 (Z6,9,12)",NA,NA,0,100,0,0,"Fat9_B2","High fat","Lipase transeserification"
"C20:1 (Z11)",19.843,2515238,8.55773870610384,100,855.773870610384,0.0203371642092318,"Fat9_B2","High fat","Lipase transeserification"
"C22:0",22.857,8053533,50.7882887482132,100,5078.82887482132,0.120696576940539,"Fat9_B2","High fat","Lipase transeserification"
"C22:2 ???",25.719,2518143,14.2102099096574,100,1421.02099096574,0.0337700626655298,"Fat9_B2","High fat","Lipase transeserification"
"C24:0",26.073,4239632,25.7706254048409,100,2577.06254048409,0.061242982361571,"Fat9_B2","High fat","Lipase transeserification"
"Unknown 4",NA,NA,0,100,0,0,"Fat9_B2","High fat","Lipase transeserification"
